date,E_NF@KAU.Q,ECT@KAU.Q,EMN@KAU.Q,E_TTU@KAU.Q,E_TU@KAU.Q,E_TRADE@KAU.Q,ERT@KAU.Q,EWT@KAU.Q,EIF@KAU.Q,E_FIR@KAU.Q,EFI@KAU.Q,ERE@KAU.Q,E_PBS@KAU.Q,EPS@KAU.Q,EMA@KAU.Q,EAD@KAU.Q,E_EDHC@KAU.Q,EED@KAU.Q,EHC@KAU.Q,E_LH@KAU.Q,EAE@KAU.Q,EAF@KAU.Q,EOS@KAU.Q,EGV@KAU.Q,EGVFD@KAU.Q,E_GVSL@KAU.Q,EMPL@KAU.Q,UR@KAU.Q
1972-01-01,9.983573399246705,0.5998814031397965,1.2926189249559332,1.82777451063106,0.6034278065218525,,,,,0.28526575651906233,0.09690867635540973,0.18835708016365252,,,,,,,0.3834793180892224,,,2.171012810940118,,2.2596872087437325,0.3020545503235225,1.95763265842021,,
1972-04-01,10.09554463276836,0.6041197496573973,1.3161295232365426,1.8439604896519988,0.5984035007181494,,,,,0.29068324580537536,0.09876478442591752,0.19191846137945787,,,,,,,0.3955734226179733,,,2.2446371230273474,,2.3029498652844986,0.30219689266389943,2.000752972620599,,
1972-07-01,10.209508333333334,0.6181822415654131,1.2585736040836928,1.8682094541618006,0.606356297247162,,,,,0.29719231879857466,0.1008499181487781,0.19634240064979683,,,,,,,0.40467316181667856,,,2.317713398196567,,2.311704512097664,0.2966040314953502,2.015100480602314,,
1972-10-01,10.352213370998117,0.6367376073640939,1.233977947723833,1.912577305794551,0.6263051304475286,,,,,0.3056821496192297,0.1037026394805687,0.20197951013866122,,,,,,,0.40089878119476174,,,2.363670001169299,,2.3256584138741054,0.2991445255172274,2.026513888356878,,
1973-01-01,10.586438401316402,0.683236953511832,1.236763045713529,2.053151191004896,0.795298288607119,,,,,0.3336208290037181,0.1134916691873326,0.22012915981638556,,,,,,,0.40479392124720875,,,2.228623439586887,,2.3793836264824257,0.4068450319254285,1.9725385945569973,,
1973-04-01,10.594096332391834,0.6979238620988691,1.2219361831386537,2.0820989559323078,0.8056908672124035,,,,,0.3421275177156116,0.11641770823632158,0.2257098094792905,,,,,,,0.4214850686944565,,,2.267484786543115,,2.300819804342028,0.4028441181789339,1.897975686163094,,
1973-07-01,10.70686499910939,0.7132770353531548,1.225171578745876,2.085878762826866,0.8128091259655067,,,,,0.34819140547582833,0.1184041132352377,0.22978729224059047,,,,,,,0.42678115978619274,,,2.3130228217098114,,2.2884502037039804,0.3960997406119613,1.8923504630920192,,
1973-10-01,10.868236553092954,0.7327458369653197,1.219362525735274,2.117483123260694,0.8320109060669808,,,,,0.35273908868533194,0.11988621499928435,0.23285287368604754,,,,,,,0.4341367370184459,,,2.36390228624437,,2.331346365645924,0.39421110929911096,1.937135256346813,,
1974-01-01,10.517533402801897,0.8492763839912643,1.030019236841382,2.073537372854941,0.6815996865480511,,,,,0.41080362991947766,0.14011963766080632,0.2706839922586713,,,,,,,0.4597376565339588,,,2.233756901734211,,2.292449846966526,0.4015957600429676,1.8908540869235588,,
1974-04-01,10.604740402586875,0.8522377567008825,1.0162348055693897,2.0939122361259646,0.6987259966958931,,,,,0.41097083570104304,0.14024031356999225,0.27073052213105114,,,,,,,0.4569054608994118,,,2.268613676798444,,2.3904619885482377,0.40260741255354443,1.987854575994693,,
1974-07-01,10.782437023437367,0.8748271918403848,1.0666710542447062,2.1367847169332985,0.7149460565031388,,,,,0.41821803266302204,0.1425883635758155,0.2756296690872065,,,,,,,0.4363301072424422,,,2.3016270326246766,,2.3741700039083304,0.39991675020638495,1.9742532537019457,,
1974-10-01,10.769562711920473,0.8721394104180984,1.1148415700111887,2.100627334707679,0.7120172044802854,,,,,0.42614508309888305,0.14505294365829607,0.2810921394405872,,,,,,,0.4734591070729641,,,2.2986690555093348,,2.37625149391024,0.3958800771971031,1.9803714167131374,,
1975-01-01,11.526185458346498,0.9110859012526907,1.2316457736978952,2.1926241653123104,0.7288297977172385,,,,,0.5426109107502678,0.18832349187956787,0.3542874188706993,,,,,,,0.5279556633056218,,,2.392836522428346,,2.380004650729384,0.29999200601928955,2.0800126447100946,,
1975-04-01,11.584355495053112,0.8898608959749118,1.2091305155651397,2.21936597753561,0.7316869103289654,,,,,0.5522273760664823,0.19167112562162522,0.360556250444857,,,,,,,0.5409171319077206,,,2.3957820040498574,,2.4439197170246385,0.299793391356156,2.1441263256684824,,
1975-07-01,11.635576303570991,0.8586855933248957,1.2222104983839557,2.22304273025039,0.7456146053420015,,,,,0.5545888182463624,0.19213200497457916,0.3624568132717836,,,,,,,0.5520986669124023,,,2.435067899811577,,2.427333298669772,0.3011420129925735,2.1261912856771983,,
1975-10-01,11.661735449838341,0.8102918453872016,1.2286132123530102,2.2307532221134467,0.7455830137765799,,,,,0.556241899604829,0.19264882641944614,0.36359307318538314,,,,,,,0.5580911239193865,,,2.480613573710221,,2.4820756669095387,0.2990725896319805,2.1830030772775584,,
1976-01-01,12.146713638641621,0.8421877548988768,1.1864449514392423,2.332507114219386,0.7698625762811195,,,,,0.6170575765262063,0.21416409097334643,0.4028934855528601,,,,,,,0.5523292742697649,,,2.5856834304479235,,2.5733661388600404,0.3035831210839521,2.269783017776088,,
1976-04-01,12.304228079135143,0.813384144585375,1.2078998597669337,2.3883903806339517,0.7890668044444412,,,,,0.624981856683437,0.21701438396456948,0.4079674727188678,,,,,,,0.5628391265519749,,,2.6562621498316177,,2.6755411468563106,0.3003519262176655,2.375189220638645,,
1976-07-01,12.331479874949286,0.7850652032544082,1.2236170675705098,2.4055614142004056,0.7920565481588925,,,,,0.6267094478135325,0.21732309322084853,0.40938635459268463,,,,,,,0.5700374289318426,,,2.683616177250183,,2.621604386809594,0.29867141196131447,2.3229329748482797,,
1976-10-01,12.440880395198432,0.7909101277301259,1.2301381212233136,2.4138528367230725,0.7937556951253347,,,,,0.6272704651127773,0.21737776144714457,0.4098927036656331,,,,,,,0.5832289982592878,,,2.713204909136941,,2.66282166080739,0.2973935407370678,2.3654281200703218,,
1977-01-01,12.92711190327143,0.7090452225551381,1.1476036229559814,2.693497461932956,0.9544358498351491,,,,,0.7107004175018634,0.24873350480271808,0.4619669126991459,,,,,,,0.6127239709099087,,,2.850555936540829,,2.7057084751304092,0.30357183687906214,2.402136638251347,,
1977-04-01,13.027763538213039,0.7075308395996007,1.1521440325479053,2.7263146387493165,0.961199470042128,,,,,0.7182228280318173,0.25151203007882267,0.46671079795299525,,,,,,,0.6277762452506482,,,2.8910024248753743,,2.7506151089557647,0.2990732328811401,2.4515418760746246,,
1977-07-01,13.081459004737503,0.6863076816430854,1.1346767851876884,2.712197588505997,0.9581849613375929,,,,,0.739944181356664,0.2588473859812954,0.4810967953753682,,,,,,,0.6406919011420157,,,2.908475928685261,,2.7622745873801513,0.2979279927731086,2.464346594607043,,
1977-10-01,13.136250272425864,0.6327974124133087,1.0688088926417587,2.748480276116293,0.9779854857376402,,,,,0.7586003550103396,0.26525272181548415,0.49334763319485586,,,,,,,0.6527850601847658,,,2.9709990432318705,,2.748068495200343,0.2994269374666891,2.4486415577336533,,
1978-01-01,13.341125191221833,0.6673072885390116,1.1628229196366486,2.8106997194704415,0.9617998341861482,,,,,0.811968367682211,0.28474036789065477,0.5272279997915565,,,,,,,0.6987751996427266,,,2.911248479341356,,2.7163099961299295,0.29658570662218325,2.419724289507746,,
1978-04-01,13.566022752269264,0.6858264896325467,1.1922824893098403,2.8197988498726687,0.962131575309412,,,,,0.8261809612947381,0.2898808456845868,0.5363001156101515,,,,,,,0.7084021610038483,,,3.0173276888150293,,2.785411761602445,0.2984873519912335,2.4869244096112113,,
1978-07-01,13.805303845049584,0.717465683276662,1.1764300859731895,2.8684585418948885,0.9950600777558746,,,,,0.8382584153662633,0.29382188605572035,0.5444365293105421,,,,,,,0.7144738163101388,,,3.0721212289153033,,2.833703114737521,0.3026029235434833,2.5311001911940383,,
1978-10-01,14.02137231829325,0.7466068162156233,1.190564505080321,2.925070355426431,1.014640145141975,,,,,0.8551166659505216,0.2997173142669037,0.5553993516836179,,,,,,,0.7405320500984636,,,3.1582026029283115,,2.7979084608634395,0.3023240178430995,2.49558444302034,,
1979-01-01,14.147509654131946,0.8948822186050317,1.1993586278090025,2.8966987463483105,0.9368731111778875,,,,,0.8586616397825617,0.3016738229116464,0.5569878168709145,,,,,,,0.7958144770853632,,,3.2454269643130096,,2.732200720284606,0.299944143439741,2.432256576844865,,
1979-04-01,14.23954021403494,0.903999791606997,1.1879723500391233,2.911493567386645,0.9293599558554083,,,,,0.885578543266162,0.31132684287611884,0.5742517003900435,,,,,,,0.8093583962306488,,,3.200331987319109,,2.7745694419326488,0.29972806804263746,2.4748413738900115,,
1979-07-01,14.387142915556305,0.9486506468301507,1.2153609719462264,2.914305341150643,0.9286375943946631,,,,,0.913693064498989,0.3211720377398061,0.5925210267591837,,,,,,,0.8225493569622914,,,3.2220968687346585,,2.7843292571575566,0.29872166026125596,2.4856075968963007,,
1979-10-01,14.367214762488898,0.9758731704219211,1.2132080502056477,2.9389258705892622,0.9469018214372009,,,,,0.9303944774341181,0.32704787596521157,0.6033466014689058,,,,,,,0.8360613947534339,,,3.228744179633226,,2.6089005806251873,0.30160612825636535,2.3072944523688217,,
1980-01-01,15.109160729039928,1.4660076070321626,1.2414609481614018,3.032902858008297,0.9370410805806024,,,,,0.9570835217103456,0.33685041724966336,0.6202331044606834,,,,,,,0.8712855964045868,,,3.414585044026944,,2.8598131358156866,0.29690074340256584,2.562912392413121,,
1980-04-01,15.169471471483854,1.4448346424584502,1.205454178848687,3.055204595629485,0.9363045618493685,,,,,0.9449581134124513,0.33258259438757465,0.6123755190248773,,,,,,,0.874868356571243,,,3.45021996838833,,2.8832289495993666,0.3043155033054976,2.578913446293869,,
1980-07-01,15.139464267007606,1.342732270996369,1.2118869893433157,3.050721335765585,0.9323408697198637,,,,,0.9387360981151326,0.33060081949774206,0.6081352786173911,,,,,,,0.8928804695026211,,,3.467834154740341,,2.8793433022979897,0.3007651605769052,2.5785781417210845,,
1980-10-01,15.217938877088786,1.3672480725260978,1.199564550313262,3.0817651939116915,0.9498255302204153,,,,,0.9361859867585953,0.32916142043087965,0.6070245663277177,,,,,,,0.9000361858905827,,,3.468194166177719,,2.877614612286955,0.29801859271503106,2.5795960195719245,,
1981-01-01,15.273194873906329,1.155168910051885,1.2358381274396826,3.0652310609303997,0.9283925886715864,,,,,0.8801600975853323,0.3116292195332382,0.5685308780520932,,,,,,,0.9348894682176443,,,3.5631757164261217,,2.8805717174107897,0.29697751715283927,2.58359420025795,,
1981-04-01,15.256082788814547,1.115288820959024,1.2662241966818388,3.0676223105271494,0.9555817636645078,,,,,0.882079477132936,0.3122836168862668,0.56979586024667,,,,,,,0.9481597775523815,,,3.578039018148839,,2.853042932293112,0.2979060408745997,2.555136891418512,,
1981-07-01,15.224996378109452,1.0910836385152332,1.2289811358260543,3.079516910033439,0.9650401721201755,,,,,0.8851040357564046,0.3133791556314618,0.571724880124941,,,,,,,0.962183704034094,,,3.6163545383460516,,2.8756537185802338,0.30070243060622215,2.5749512879740117,,
1981-10-01,15.199084760336248,1.0422996240542903,1.2254898733857578,3.0613875154704786,0.9554761654195318,,,,,0.8810168326849444,0.3115146054015249,0.5695022272834184,,,,,,,0.983968380214986,,,3.6876307270789823,,2.8573982983825315,0.30441401136633867,2.552984287016193,,
1982-01-01,15.181120627634272,0.8572412147900396,1.1843087574196716,3.1459494531503336,0.9533831215566119,,,,,0.8119290361570414,0.28669364001080416,0.525235396146238,,,,,,,1.0040942287425227,,,3.849576457935352,,2.827932589226909,0.2950421437768141,2.5328904454500956,,
1982-04-01,15.162323323456997,0.8144947223791906,1.2114508353538511,3.142312309305828,0.9547738058760796,,,,,0.8055542565612096,0.2843564306705065,0.5211978258907023,,,,,,,1.0140707846908936,,,3.8858417809157015,,2.859979596188779,0.30008151193365656,2.5598980842551224,,
1982-07-01,15.128044101322873,0.7818131101621546,1.218696166433702,3.1011253945571178,0.9371145156449853,,,,,0.7951694542384894,0.28064285669377553,0.5145265975447136,,,,,,,1.040264064926424,,,3.8702796166870024,,2.8886963611598375,0.3010824185541402,2.5876139426056977,,
1982-10-01,15.133926319742935,0.7743949636710218,1.2023109074594434,3.079690444858992,0.9302142333783943,,,,,0.7953603360349173,0.28066771737792,0.5146926186569964,,,,,,,1.036433583159467,,,3.865902144461939,,2.8900581200911404,0.3037939257353886,2.5862641943557514,,
1983-01-01,15.604584412396234,1.0444176060009749,1.205542823882637,3.2993506286072285,0.9865131613300743,,,,,0.8096157623388779,0.28729743312789063,0.5223183292109875,,,,,,,1.041801457895495,,,3.875763320706479,,2.8184549952825777,0.3010754789442324,2.5173795163383454,,
1983-04-01,15.571510959531727,1.0228176461400456,1.1843520963570207,3.27810438457362,0.9803033510703628,,,,,0.8113720708234974,0.2880457816853945,0.5233262891381026,,,,,,,1.0518980803505034,,,3.9271726541131415,,2.820996655309244,0.3007966210129667,2.520200034296277,,
1983-07-01,15.856566043025756,1.0257198960640659,1.2160793191258594,3.329534009016632,1.0016882365747184,,,,,0.821948711595212,0.2919452124601392,0.5300034991350735,,,,,,,1.0596714967589884,,,4.040265547820961,,2.8544056584146573,0.29964893786734786,2.5547567205473096,,
1983-10-01,15.91930794868639,1.0199861215295967,1.198759093967817,3.368238486694683,1.0089150840439316,,,,,0.8215557641500083,0.29141644814813084,0.5301393160018769,,,,,,,1.069043434985405,,,4.073131810692749,,2.839476024326853,0.29847896217545267,2.5409970621514004,,
1984-01-01,15.627486415988477,0.6949499387446426,1.204219297316965,3.4578794710718337,1.0142083840112346,,,,,0.8094319376287222,0.28766357850760055,0.5217683591211225,,,,,,,1.08648377472855,,,4.011772508360823,,2.8158521214333896,0.2978259294654518,2.5180261919679383,,
1984-04-01,15.756040446427972,0.6939178414188755,1.1993070835851232,3.5143762254902655,1.0289397796018707,,,,,0.8089630045116873,0.28747980976461485,0.5214831947470723,,,,,,,1.1073750705187768,,,4.106264328864605,,2.816654876650128,0.2983779135475561,2.518276963102571,,
1984-07-01,15.7262514745182,0.635847139480144,1.2040198102168407,3.5196674980444933,1.0471656459956147,,,,,0.8067119946444564,0.2865869865508852,0.5201250080935719,,,,,,,1.1055274747614727,,,4.144214209140184,,2.820596198516366,0.3010207773740215,2.519575421142345,,
1984-10-01,15.85927124403428,0.5572744510511299,1.206320475547737,3.550459655191292,1.063073815438792,,,,,0.8037401057544077,0.2855071855976379,0.5182329201567691,,,,,,,1.1105393886365154,,,4.180548953634386,,2.846896803400115,0.30277537961297024,2.5441214237871446,,
1985-01-01,16.481348602466234,0.7156882805488386,1.1520492194244667,3.7055201366885844,1.0814074603733326,,,,,0.8437221483766447,0.3011095759990617,0.5426125723775814,,,,,,,1.1235644838354861,,,4.442982060923044,,2.803566876333979,0.3002157821716842,2.5033510941622947,,
1985-04-01,16.598264503816793,0.7562102347858985,1.1580019965019808,3.740492537023787,1.101999212073905,,,,,0.8542034174458949,0.3048419118782646,0.5493615055676301,,,,,,,1.1290700750386862,,,4.47204375388697,,2.7942526998192663,0.2996717970983989,2.4945809027208674,,
1985-07-01,16.847257163828534,0.7883192364747552,1.164699607950524,3.757923951200843,1.1129976677525575,,,,,0.8560030797790237,0.30546174923744335,0.5505413305415802,,,,,,,1.1357722336761802,,,4.44554799156891,,2.9079917180072994,0.30050779685441387,2.6074839211528853,,
1985-10-01,16.947731561949496,0.7967369784957007,1.1847825094563618,3.775424355143771,1.1249817432505516,,,,,0.8614203050786644,0.3073874030855898,0.5540329019930746,,,,,,,1.147073393818475,,,4.478659526954406,,2.827522039172788,0.2996046238755028,2.527917415297286,,
1986-01-01,17.673107308669184,0.8081159246518719,1.1200118283977825,4.037333848738569,1.1625671718655894,,,,,0.9219876227659753,0.32920553043403195,0.5927820923319431,,,,,,,1.1336786909307588,,,4.8088884772065175,,2.860693462189381,0.3014130325406948,2.5592804296486857,,
1986-04-01,17.768042798056765,0.8114060634630365,1.1307139251580045,4.047097600592679,1.1665071118044512,,,,,0.9262869981259972,0.33077128326328237,0.5955157148627167,,,,,,,1.142568465170619,,,4.833244892193669,,2.857768766658451,0.29950645796862707,2.5582623086898244,,
1986-07-01,18.006182251189184,0.8870486032770294,1.1186350816579753,4.117844596146353,1.1837660437849689,,,,,0.943154462356778,0.33680536514269543,0.6063490972140831,,,,,,,1.1546816975605607,,,4.951943465665732,,2.885409735771765,0.29911847728106267,2.5862912584907023,,
1986-10-01,18.216883095495973,0.932450497346384,1.1219391647862376,4.1710692864731955,1.2105392040625162,,,,,0.9550037564449747,0.3407892217069442,0.614214534738029,,,,,,,1.159069816813136,,,4.971556498267412,,2.8961280353804035,0.2999620322096154,2.596166003170788,,
1987-01-01,18.96509808376363,0.9664669982136007,1.0553527443445339,4.28873378016423,1.2416994408527424,,,,,1.0206533191428233,0.36581425131633766,0.6548390678264869,,,,,,,1.23402564488814,,,5.336397468642086,,2.941380943607418,0.2943184345776427,2.647062509029775,,
1987-04-01,19.22856068846816,0.9874340590001834,1.0466210093307031,4.365893663864676,1.2709983569761407,,,,,1.0279791726737733,0.36811201153935663,0.6598671611344195,,,,,,,1.2670782404502998,,,5.423635532679504,,2.9636688068428128,0.2994920175079087,2.6641767893349035,,
1987-07-01,19.391920298336203,0.9881275096427621,1.0446743775634626,4.4087837625163315,1.2846856013841952,,,,,1.0270745709957134,0.3676415190579709,0.6594330519377413,,,,,,,1.2918402009882888,,,5.508528977961043,,2.9785170977041173,0.30199584082499564,2.676521256879122,,
1987-10-01,19.669817119908206,0.9943793470385867,1.0542852020946345,4.482802445058938,1.2968532002137971,,,,,1.0263620910230633,0.36718939316730853,0.6591726978557549,,,,,,,1.3247225803399394,,,5.627104687384037,,3.0164331518456535,0.3041937070894528,2.7122394447562015,,
1988-01-01,20.683139341804804,0.9269205812448881,0.9972029215497145,4.486086815345268,1.3471240639513293,,,,,1.1185898719759335,0.4022062711768928,0.7163836007990407,,,,,,,1.3737242634611857,,,6.388780912249342,,3.0944832992570164,0.30031485466196733,2.794168444595049,,
1988-04-01,20.91899872927888,0.977639933350604,1.0113925658377048,4.543858961343165,1.3604142283639298,,,,,1.12539709513572,0.40415694225447824,0.7212401528812413,,,,,,,1.3913674866577834,,,6.5322275364999145,,3.1105280334351764,0.298692873817332,2.8118351596178446,,
1988-07-01,21.13996994369781,1.0050055175272823,1.00431255292434,4.596046240731568,1.366764312645307,,,,,1.1333125133780533,0.40715231077156827,0.726160202606485,,,,,,,1.4005093361054517,,,6.549202073911232,,3.1543104199138323,0.30003922401027383,2.8542711959035585,,
1988-10-01,21.37897965451724,1.0482254258732406,0.9933252930215742,4.620776065425667,1.376818588765728,,,,,1.1401405087666934,0.40915983068480116,0.7309806780818935,,,,,,,1.4273384431424418,,,6.651922810672843,,3.17401158072731,0.30095304751042673,2.873058533216883,,
1989-01-01,22.70186233726265,1.4717098127457604,0.9306358218228773,4.931327627097633,1.4125595717364663,,,,,1.3821324644324668,0.5046746992924227,0.8774577651400467,,,,,,,1.537026697275378,,,6.888731088065768,,3.2348190930626486,0.34985464196168103,2.8849644511009678,,
1989-04-01,23.020916658698088,1.5712632350523388,0.918864409204625,4.9817402978149365,1.4404727402960251,,,,,1.39422634331312,0.5080222833582148,0.8862040599549063,,,,,,,1.5759792624290438,,,6.980680105131673,,3.2513563484735144,0.3491529205456542,2.90220342792786,,
1989-07-01,23.316427165663715,1.643876560690824,0.9172009207379195,5.008001974588313,1.4576642031475722,,,,,1.3993658398071434,0.5102375108983938,0.8891283289087469,,,,,,,1.5994364207975214,,,7.0473330426465255,,3.3018917694931313,0.35043099719142473,2.951460772301706,,
1989-10-01,23.72414932157282,1.7242160786595109,0.9140988482345782,5.1195002895461235,1.5019101434239266,,,,,1.4365571660616734,0.5231350916824407,0.9134220743792331,,,,,,,1.6162333693886985,,,7.070155764156037,,3.311932788970708,0.3505614403012396,2.9613713486694686,,
1990-01-01,23.712077376801844,1.7671194379391102,0.8430364372469638,5.348038978586875,1.3782340862422997,3.969804892344575,3.489684601113172,0.48012029123140243,0.38904070633922183,1.3113587249979342,0.4940421631530704,0.8173165618448638,1.3662006245388036,0.29769585253456216,-1.2930153770331112e-16,1.0685047720042415,1.6160969558539755,0.0988805970149254,1.5172163588390501,7.140140949961293,0.7923698384201078,6.347771111541186,0.5682124789207418,3.3628320824169156,0.39824304538799415,2.964589037028921,24847.008134283067,4.5242910659517355
1990-04-01,24.054673822996108,1.7721779859484779,0.8229959514170041,5.40138403336213,1.3913757700205338,4.010008263341596,3.5280519480519477,0.48195631528964866,0.40466087536827017,1.3286460789343726,0.4986251145737854,0.830020964360587,1.3823874844639044,0.296774193548387,-1.3199531973879677e-16,1.0856132909155176,1.6421377063670217,0.0988805970149254,1.5432571093520961,7.2799131624912805,0.7894673847995213,6.49044577769176,0.5759696458684652,3.4444008987751786,0.4080039043435822,3.036396994431596,24639.297320564732,4.3633228448804795
1990-07-01,24.1984203363396,1.8042154566744735,0.8189878542510124,5.4243568943324485,1.4028747433264892,4.0214821510059595,3.536771799628942,0.4847103513770181,0.40134292715360703,1.3574370252513897,0.5041246562786433,0.8533123689727463,1.417180518429107,0.30046082949308756,-1.310973923936349e-16,1.1167196889360198,1.6729144514892555,0.09813432835820897,1.5747801231310465,7.241354962099507,0.818491921005386,6.4228630410941205,0.5720910623946036,3.4885391842641957,0.39824304538799415,3.090296138876201,25091.7553047485,3.818142208390629
1990-10-01,24.541592008142473,1.8598594847775178,0.8189878542510124,5.457809456736481,1.4275154004106778,4.030294056325801,3.543747680890538,0.4865463754352644,0.40495549113890084,1.370425647618114,0.5022914757103573,0.8681341719077568,1.431120732766133,0.3050691244239631,-1.266077556678255e-16,1.12605160834217,1.6959556877004598,0.1033582089552239,1.592597478745236,7.408154764324581,0.8301017354877319,6.578053028836851,0.5817875210792579,3.512535367750018,0.3951195705222059,3.1174157972278116,25891.118527487695,3.068821189699511
1991-01-01,25.218796071966608,1.7305952930318416,0.8289903644742355,5.441918852370404,1.4301988636363632,4.011719988734041,3.5441576086956523,0.46756238003838774,0.3400703598596113,1.277169545526509,0.4591474245115452,0.818022121014964,1.5170848448638747,0.32022760646108656,0.10017761989342804,1.0966796185093604,1.7543646434019868,0.09937219730941704,1.65499244609257,8.093725454645824,0.753397212543554,7.34032824210227,0.6071486596263199,3.627728054166005,0.39606299212598417,3.2316650620400207,26765.694264460984,3.8841686641001734
1991-04-01,25.143108277064822,1.7258883248730967,0.8086719731881024,5.40634798366499,1.4269223484848477,3.979425635180142,3.5145503952569173,0.4648752399232247,0.34655128450803074,1.277169545526509,0.4591474245115452,0.818022121014964,1.5107151184907488,0.3259544787077826,0.09733570159857902,1.087424938184387,1.7532884102181308,0.09829596412556053,1.65499244609257,8.084978003594399,0.7614982578397212,7.323479745754676,0.6091524505821825,3.6203451824186392,0.3940944881889763,3.2262506942296625,27228.86822492446,4.174933536679067
1991-07-01,25.351377233722186,1.6913705583756347,0.8032537355118001,5.432230933532099,1.444943181818181,3.9872877517139185,3.5215167984189732,0.4657709532949457,0.3386995158131778,1.2827965734114073,0.45833333333333326,0.824463240078074,1.5138020599069295,0.32786343612334795,0.10159857904085252,1.0843400447427292,1.767504611486497,0.10152466367713005,1.665979947809367,8.238668413399544,0.7804006968641115,7.458267716535434,0.6201733008394258,3.6628775314456674,0.4059055118110235,3.2569720196346434,27818.112187519655,4.345735467998372
1991-10-01,25.45414638799163,1.6552838024919245,0.7937718195782711,5.451197306190083,1.4629640151515149,3.988233291038567,3.5197751976284586,0.46845809341010886,0.3413455064858468,1.2983447085566098,0.4567051509769093,0.8416395575797004,1.5264856025525368,0.3259544787077826,0.1023090586145648,1.0982220652301895,1.7907915127708154,0.10008968609865472,1.6907018266721607,8.263079283580588,0.8020034843205575,7.46107579926003,0.6291903601408069,3.7046564856441466,0.40354330708661407,3.3011131785575323,27286.87091591208,4.711012405903951
1992-01-01,24.601483745830325,1.7103988255444094,0.8024767801857585,5.122205337383379,1.421410579345088,3.7007947580382905,3.2982594094278572,0.402535348610434,0.3325970504460712,1.1693018642353217,0.4868932038834952,0.6824086603518267,1.4800900278754756,0.35595676737902227,0.0490756302521008,1.0750576302443524,1.8303629394885113,0.09956634865568081,1.7307965908328304,7.682658124614502,0.8100486223662883,6.872609502248213,0.5863571335674339,3.885035662489461,0.40631104432757326,3.4787246181618876,27354.728935937543,6.192912591850138
1992-04-01,24.64106359141029,1.6937607046733547,0.7996461742591773,5.127823174154174,1.430982367758186,3.6968408063959877,3.2966457795798,0.4001950268161873,0.31971010614447165,1.171905571207961,0.4894969108561342,0.6824086603518267,1.4906908180783687,0.3601817735200195,0.049411764705882315,1.0810972798524667,1.8384315609940909,0.09921942758022549,1.7392121334138653,7.7111013196057945,0.8153430578065909,6.895758261799204,0.5900507218103783,3.8979434404825195,0.4015026296018031,3.4964408108807166,27257.162799752798,7.190935946895138
1992-07-01,24.650191406620326,1.6704673354538784,0.8081379920389208,5.1213136594243265,1.4357682619647354,3.6855453974595904,3.2853503706434037,0.4001950268161873,0.34078925325231024,1.1756042631339871,0.4894969108561342,0.6861073522778528,1.506798345459999,0.3601817735200195,0.05042016806722686,1.0961964038727527,1.8552477400278093,0.10060711188204681,1.7546406281457625,7.6393083565350715,0.8232847109670448,6.816023645568027,0.5955911041747951,3.936933357119232,0.39749561733032807,3.539437739788904,27231.93482254659,6.743018808514164
1992-10-01,24.528632661316355,1.7220455101541476,0.7897390535161432,5.063604792219508,1.4118387909319903,3.6517660012875184,3.2546914035303267,0.3970745977571916,0.34023692349047946,1.1804710531355038,0.49991173874669026,0.6805593143888137,1.5224208085861572,0.35701301891427156,0.05109243697478988,1.1143153526970957,1.8457765280920573,0.10095403295750215,1.744822495134555,7.510629003481784,0.8206374932468935,6.68999151023489,0.594667707114059,3.959041281526524,0.39509140996744296,3.5639498715590814,24114.58930978447,19.156743849717078
1993-01-01,22.48826025964108,2.922554938420671,0.4922542987852974,4.8246324475885345,1.2123006833712984,3.612331764217236,3.2075603924478524,0.40477137176938366,0.30797671451923453,1.0388930696289485,0.3949195596951734,0.6439735099337748,1.5271987926207646,0.40717488789237666,0.041464728056004325,1.0785591766723839,1.905870060183517,0.10042408821034772,1.8054459719731693,4.747043417882085,0.7016976556184317,4.045345762263653,0.5605828220858894,4.161253697926142,0.42644671379942406,3.734806984126718,24082.66887964425,16.639275150764494
1993-04-01,22.568219447437514,2.8707075585607336,0.4885944155229532,4.882190989956253,1.2013667425968109,3.6808242473594412,3.2752576469618266,0.40556660039761433,0.3033939448449063,1.0588211808378798,0.39762912785774757,0.6611920529801325,1.5448919779643433,0.3994020926756352,0.04146472805600432,1.104025157232704,1.916004881196999,0.10042408821034772,1.8155807929866512,4.744274341823481,0.7084882780921583,4.035786063731323,0.56840490797546,4.190935248754506,0.42466614296936384,3.7662691057851423,24507.983329274593,13.333170964040646
1993-07-01,22.356263481439953,2.799758512436609,0.4785297365515066,4.870813828033556,1.1890660592255122,3.681747768808043,3.2849286833209663,0.3968190854870775,0.2990806163788431,1.0487436284213063,0.4030482641828957,0.6456953642384106,1.5215283646760325,0.3970104633781763,0.04146472805600432,1.0830531732418518,1.916434901065519,0.0994062765055131,1.8170286245600058,4.694970611188306,0.6926434923201293,4.002327118868177,0.5675357873210632,4.158867495367212,0.42644671379942406,3.732420781567788,25054.649175983144,11.6719654013905
1993-10-01,22.313237938169163,2.6987925621830473,0.47303991165799025,4.854084228361801,1.1972665148063781,3.6568177135554225,3.2639747712094977,0.3928429423459245,0.2895487242570159,1.0539091913352137,0.4030482641828957,0.6508609271523178,1.538814106540066,0.3970104633781763,0.042272482498653764,1.0995311606632356,1.9312524873673433,0.09974554707379131,1.8315069402935518,4.697651642131718,0.7016976556184318,3.995953986513287,0.5710122699386501,4.205132814396318,0.4237758575543336,3.7813569568419845,25088.7444910367,11.487768093880542
1994-01-01,22.970394750654616,1.926043916486681,0.44297984803435747,5.027644055573998,1.3033746755119704,3.724269380062028,3.3230436395104452,0.40122574055158317,0.32632758324027855,1.1802528942523247,0.40512382578992306,0.7751290684624017,1.4946582245973967,0.41873173211335635,0.05716486902927587,1.0187616234547645,2.1141784456201855,0.09948542024013722,2.014693025380049,5.703901594126712,0.8139827179890023,4.88991887613771,0.581771829190567,4.17263635953211,0.4527577937649882,3.719878565767121,24616.152135384764,14.025400820632735
1994-04-01,22.94479670764332,1.9158747300215981,0.4491080277502478,5.050289746098266,1.316873377559851,3.733416368538416,3.333007788354555,0.40040858018386105,0.3286397673375707,1.1255785485560603,0.40239111870196403,0.7231874298540966,1.514521793283091,0.41873173211335635,0.05788392398561897,1.0379061371841154,2.1164434649959643,0.10017152658662092,2.0162719384093433,5.712984100077372,0.8191673212882953,4.893816778789077,0.5835564053537282,4.1478001241694225,0.4527577937649882,3.6950423304044335,24633.07689699352,13.611114560293748
1994-07-01,23.018351586620184,1.8792656587473002,0.44210439378923033,5.047063882363216,1.292875685030286,3.75418819733293,3.3545967775167913,0.39959141981613894,0.32962394485163626,1.1367783538008416,0.39760888129803584,0.7391694725028058,1.519260678285379,0.41555470834921854,0.058962506420133586,1.0447434635160266,2.1101981603781983,0.09708404802744425,2.013114112350754,5.7830896467405735,0.842498036135114,4.94059161060546,0.5826641172721477,4.188302750391663,0.44940047961630714,3.7389022707753554,25255.39258257279,12.541323985800098
1994-10-01,23.07440776961788,1.810115190784737,0.43247439709283125,5.104197105982091,1.286876261897895,3.8173208440841964,3.4193637450035017,0.3979570990806946,0.3487420379038473,1.1273692039476269,0.39419299743808706,0.7331762065095399,1.5375905657479736,0.4130130893379083,0.05932203389830513,1.0652554425117602,2.122002663267247,0.10257289879931387,2.019429764467933,5.801973610381025,0.8243519245875883,4.977621685793436,0.5844486934353089,4.205494301075199,0.4465227817745805,3.758971519300619,25212.750373028673,12.079718609174817
1995-01-01,23.66585525933101,1.6349014877362285,0.45809865164703867,5.225508159017818,1.209397944199706,4.016110214818112,3.6113606020148086,0.40474961280330407,0.3093875003634341,1.2662637788135884,0.4049645390070922,0.8612992398064963,1.4998004120079116,0.4159133709981168,0.041300097751710695,1.0425869432580839,1.993799655811254,0.09991532599491955,1.8938843298163341,6.50097861871923,0.8576590730557738,5.643319545663457,0.5853471423091675,4.191769852905344,0.40877145922746777,3.7829983936778766,25330.809002920883,11.687973568748879
1995-04-01,23.574607881680617,1.596702854845195,0.45622119815668194,5.227433680916366,1.2164953499755258,4.010938330940841,3.6078407573734683,0.40309757356737225,0.307452856518514,1.2579722291657478,0.401418439716312,0.8565537894494358,1.5089356805752974,0.4112994350282486,0.042033235581622704,1.0556030099654257,1.997557590069946,0.09923793395427603,1.89831965611567,6.486570532057168,0.8765383608274419,5.610032171229727,0.5826620636747217,4.1530991957009755,0.40964771101573677,3.7434514846852385,25223.337530091787,11.554244542408343
1995-07-01,23.471227288952434,1.5718737434660233,0.4571599249018603,5.250093025393691,1.2079784630445418,4.042114562349149,3.644799126107538,0.3973154362416107,0.3101781412616478,1.2582172947698098,0.3992907801418439,0.858926514627966,1.520566836865764,0.4047080979284369,0.042033235581622724,1.0738255033557043,1.9809560309520602,0.09889923793395428,1.8820567930181058,6.495584536498747,0.8522649908352973,5.6433195456634495,0.5826620636747217,4.043935691168106,0.4092095851216022,3.6347261060465037,25955.33023719667,10.993957185498736
1995-10-01,23.413661089989464,1.5298552472858866,0.4599761051373954,5.2323988314916345,1.1980420949583939,4.0343567365332405,3.639519359145528,0.39483737738771296,0.3063148352019042,1.2617893710146204,0.3957446808510638,0.8660446901635569,1.5315721809447063,0.4000941619585688,0.042033235581622724,1.089444783404515,1.9903804175728836,0.10093141405588484,1.8894490035169984,6.471481422284307,0.8414768263943442,5.630004595889964,0.5826620636747217,4.047230615381407,0.4061427038626609,3.6410879115187456,25625.804562691774,11.598380750595572
1996-01-01,23.312247916566463,1.28418945963976,0.4027097446586763,5.119122126114362,1.2043062200956935,3.914815906018667,3.519052307692308,0.3957635983263598,0.33304944167399153,1.28834807001934,0.4062100456621005,0.8821380243572395,1.6425389814360258,0.44695281331682474,0.09999999999999996,1.0955861681192014,2.0009441056088004,0.10806584362139919,1.8928782619874014,6.6617845429402776,0.6638613861386141,5.997923156801662,0.6345424462262951,3.945018998248934,0.40310575635876833,3.5419132418901658,25443.694956883654,12.567247932170881
1996-04-01,23.26333930700042,1.2641761174116082,0.39937467430953616,5.077474449267974,1.1856459330143534,3.89182851625362,3.498523076923077,0.3933054393305439,0.3308300338290671,1.2832339147681984,0.40109589041095894,0.8821380243572395,1.6595735113097734,0.44111982390975363,0.09883040935672509,1.1196232780432946,2.004244581671557,0.10842249657064473,1.8958220851009122,6.643271464996967,0.6594059405940597,5.983865524402906,0.6306732849688177,3.9704872744669224,0.39496653279785804,3.5755207416690644,25354.255979102018,12.182953995295739
1996-07-01,23.28667109380588,1.2408272181454305,0.40104220948410624,5.0587865783339465,1.1942583732057412,3.8645282051282046,3.4728615384615384,0.3916666666666666,0.32211786061783004,1.2867528005882318,0.3974429223744293,0.8893098782138024,1.6781659999254661,0.4396615765579859,0.1011695906432748,1.1373348327242054,2.0211942144541304,0.10770919067215366,1.9134850237819767,6.710064528649126,0.6816831683168317,6.028381360332293,0.6355097365406644,3.9322099470669447,0.4043908969210173,3.5278190501459274,25938.08930446488,11.21592739518293
1996-10-01,23.308139540566504,1.2174783188792533,0.3985409067222511,5.013197648146465,1.2143540669856454,3.798843581160819,3.4112738461538457,0.3875697350069735,0.3473359972124443,1.2797797838619385,0.3952511415525115,0.8845286423094271,1.681912525122491,0.438932452882102,0.10058479532163739,1.1423952769187513,2.0413990235396864,0.10877914951989028,1.9326198740197966,6.735375990870114,0.6905940594059409,6.044781931464175,0.6345424462262951,3.9585768999855624,0.39710843373493976,3.561468466250622,25598.9924419974,12.215412022616391
1997-01-01,23.495728163248142,1.0257409375368995,0.37014401123990154,5.019273322417844,1.234428656009473,3.7848446664083704,3.4185668297169607,0.3662778366914103,0.4628733084814818,1.2855584564743776,0.4193899782135077,0.8661684782608697,1.7640025830611687,0.5016949152542373,0.09089201877934273,1.1714156490275889,2.010085204468631,0.09784860557768922,1.9122365988909422,6.8632885028725426,0.7102207686017991,6.153067734270743,0.7436596289187459,3.951102207776552,0.40054303556882975,3.550559172207722,25340.67476213814,12.075127448037891
1997-04-01,23.424209277553178,0.9906128232376906,0.36782578152441153,4.986982005000127,1.225725281231498,3.7612567237686285,3.3949788870772184,0.3662778366914103,0.4798752154086679,1.2701190983639836,0.41549953314659205,0.8546195652173916,1.7579824677044469,0.4974576271186441,0.09037558685446008,1.170149253731343,2.034329913862725,0.09912350597609561,1.9352064078866293,6.82243621020142,0.7266285091305535,6.095807701070867,0.7447984644913627,3.9692472977583537,0.400108607113766,3.5691386906445874,25721.04216075284,10.968151816448085
1997-07-01,23.342721248778133,0.9807769512339121,0.3662802950474182,4.922284686751199,1.2242747187685021,3.6980099679826974,3.3309544713407746,0.36705549664192283,0.4887898230685173,1.2578165807385757,0.4170557111733583,0.8407608695652176,1.7572420866219474,0.5,0.09089201877934273,1.1663500678426049,2.058732635692596,0.10199203187250995,1.9567406038200856,6.784555957222705,0.7102207686017991,6.074335188620907,0.7379654510556622,3.9882767813456095,0.39967417865870214,3.588602602686907,26104.80254610484,10.415621649782688
1997-10-01,23.310492409133968,0.9751564529460387,0.36628029504741827,4.874700158777547,1.215571343990527,3.659128814787021,3.290517998244073,0.36861081654294797,0.4684616530413332,1.2531725310897308,0.41472144413320894,0.8384510869565219,1.7617045677232444,0.5008474576271186,0.09450704225352113,1.1663500678426049,2.065273250804545,0.10135458167330676,1.963918669131238,6.82959371435139,0.7266285091305535,6.102965205220837,0.7402431222008957,3.9759066631518185,0.3988053217485745,3.5771013414032438,25665.586798014527,10.442345726722616
1998-01-01,23.93842349175635,0.9062568605927552,0.3954126815444563,4.972585616656412,1.2119457013574662,3.760639915298946,3.4104559951728297,0.35018392012611654,0.4248298942031914,1.2167382852465727,0.3962962962962963,0.8204419889502765,1.9949388573770745,0.5178021978021978,0.10876494023904386,1.3683717193358327,2.0815148335347,0.11392801251956182,1.9675868210151382,7.217722239219786,0.781430499325236,6.43629173989455,0.7064314026339341,4.021992820747461,0.401425829448862,3.620566991298599,25795.556135079285,10.372545657363956
1998-04-01,23.960575201829275,0.8983534577387488,0.39125044279135673,4.94707355989685,1.2119457013574657,3.7351278585393834,3.3842082579088006,0.3509196006305832,0.43317186171510613,1.2235753018211584,0.3962962962962962,0.8272790055248621,1.9990138125950399,0.5159853479853481,0.10876494023904383,1.374263524370648,2.1058073914281508,0.11684924360980699,1.9889581478183436,7.220203678273236,0.7788933873144398,6.441310290958796,0.7096918552614754,4.032433840308153,0.399670962434878,3.6327628778732755,26075.396228150905,9.829866019515592
1998-07-01,24.01343951892829,0.8970362239297476,0.39125044279135673,4.914940123366013,1.1960180995475114,3.7189220238185015,3.3702094647013183,0.3487125591171833,0.4346192596982659,1.2287037037037039,0.40370370370370373,0.8250000000000002,2.0052495161880013,0.5178021978021979,0.10876494023904386,1.3786823781467596,2.1364575567251998,0.1175795513823683,2.018878005342832,7.205203698037842,0.7839676113360322,6.421236086701811,0.7096918552614754,4.090287139226679,0.39879352892788594,3.6914936102987927,26603.818276223217,9.166779841846969
1998-10-01,23.948620601090266,0.8983534577387488,0.39125044279135673,4.8949324497621545,1.1815384615384616,3.713393988223693,3.3632100680975774,0.35018392012611654,0.4407123177167704,1.2302419684878252,0.402962962962963,0.8272790055248621,1.999324862581181,0.5150769230769231,0.10703851261620191,1.377209426888056,2.146101549105324,0.11867501304121024,2.027426536064114,7.21033359501678,0.794116059379217,6.416217535637564,0.7096918552614754,4.02767810262864,0.39923224568138194,3.6284458569472577,26257.471310699842,9.155194418304392
1999-01-01,24.33767605272114,0.8787767133382465,0.3871553228621291,5.163641395591013,1.2540474741326841,3.9095939214583293,3.511710323574731,0.3978835978835978,0.3696823317144487,1.2069286837783257,0.4085918854415274,0.7983367983367984,2.1011644411497437,0.5957746478873237,0.058893461362597065,1.446496331899823,2.1084603143636307,0.12471308339709258,1.9837472309665378,7.42254854815246,0.8012800000000002,6.62126854815246,0.6938526155021001,4.005465686269047,0.39945009623315925,3.606015590035888,26770.14934441516,8.394323295957358
1999-04-01,24.51987347495265,0.8787767133382464,0.3896160558464223,5.226797659198808,1.2742239805234332,3.9525736786753747,3.553843519945216,0.39873015873015866,0.36876764088551517,1.212670632813831,0.4032458233890215,0.8094248094248094,2.1319292455835774,0.6010563380281687,0.05857338820301775,1.4722995193523907,2.1315788457217164,0.12394797245600613,2.00763087326571,7.464038964212974,0.7961600000000001,6.667878964212973,0.6981290568919435,4.017568660459616,0.39769040417926865,3.619878256280346,26932.8757118384,7.229359377216305
1999-07-01,24.71250434064198,0.8774748219110786,0.39371727748691093,5.25977850845074,1.278880097382837,3.980898411067903,3.5813216914911834,0.39957671957671953,0.38022475044754844,1.1939453902222399,0.39560859188544156,0.7983367983367984,2.167725207005065,0.5968309859154927,0.05761316872427977,1.5132810523652924,2.1437086194916937,0.1262433052792655,2.017465314212428,7.476897899330811,0.8038400000000002,6.67305789933081,0.6991981672394044,4.119833699056486,0.4016497113005224,3.718183987755964,27625.708247565257,6.761036797479096
1999-10-01,24.89869926326395,0.8957013018914274,0.3986387434554974,5.311520190813547,1.2944004869141814,4.017119703899366,3.612463619243281,0.40465608465608466,0.3813252769524878,1.1871454491024895,0.3910262529832936,0.7961191961191961,2.231732869907503,0.6073943661971829,0.0579332418838591,1.5664052618264612,2.1485631890915884,0.12547819433817906,2.0230849947534097,7.559731393657246,0.8064000000000003,6.753331393657246,0.710958381061474,4.073382467330673,0.402089634313995,3.671292833016677,27436.520848084358,7.09172202476955
2000-01-01,25.197693244493337,1.0337928715534634,0.3943204868154159,5.5390740216789425,1.3266095688127584,4.212464452866183,3.815132487755871,0.39733196511031293,0.398149119768665,1.2024387858387844,0.3796680497925311,0.8227707360462534,2.1413321257810396,0.4569363358354186,0.09326550387596914,1.591130286069652,2.081604148367449,0.17669396872673127,1.9049101796407182,7.647057956126474,0.8262766230433667,6.820781333083107,0.6859847105933747,4.073939017969731,0.4296017222820237,3.644337295687707,28851.34786603788,5.293973425970074
2000-04-01,25.470267830139537,1.0670477471418964,0.3983772819472617,5.553896910075852,1.3345343571569213,4.2193625529189305,3.8228515216208288,0.3965110312981015,0.42253647691292634,1.2058875465155656,0.37422199170124476,0.8316655548143208,2.1775020996963033,0.46394217403391735,0.09486434108527149,1.6186955845771145,2.0934890605980883,0.17408786299329862,1.91940119760479,7.735574423212491,0.8237105465742879,6.911863876638203,0.6931197670185658,4.12283651702059,0.4468604233943309,3.6759760936262595,28859.56172551616,4.705136508417251
2000-07-01,25.71805493059091,1.0974108944182919,0.40243407707910755,5.605473802835473,1.3456290608387478,4.259844741996726,3.857587174013144,0.4022575679835813,0.42521680133380596,1.2155603735823883,0.375,0.8405603735823884,2.21522121714391,0.4701695857659162,0.09113372093023274,1.6539179104477608,2.103260463436492,0.17200297840655254,1.9312574850299395,7.8212708404019615,0.8365409289196819,6.98472991148228,0.7033127047688388,4.128893755590642,0.43146752780767855,3.6974262277829637,28917.5415359105,4.67683714615127
2000-10-01,25.859367194056933,1.106086079354405,0.4056795131845843,5.634067664930853,1.3598936798582404,4.274173985072614,3.8710954832768216,0.4030785017957926,0.4207642686671009,1.2161177414726463,0.3711099585062241,0.8450077829664222,2.261883286697272,0.4756185710314152,0.08793604651162806,1.6983286691542288,2.1184903759123594,0.17669396872673127,1.9417964071856282,7.860161088538447,0.846805234795997,7.01335585374245,0.717582817619221,4.118534357680041,0.42633656261212777,3.6921977950679135,28453.13127563315,4.773440403337866
2001-01-01,25.852338443834654,1.0979201798763347,0.4101133096566887,5.672073264178807,1.4214502101045634,4.250623054074243,3.8490003360215055,0.40162271805273825,0.363480982650559,1.2642718780452047,0.3805628616517622,0.8837090163934426,2.3191290218414875,0.5529585798816569,0.08487738419618523,1.6812930577636453,2.166525820704072,0.18728571428571428,1.9792401064183573,7.7870220854333745,0.8402100525131283,6.9468120329202465,0.7059090373512431,4.0658928640968774,0.399224591525893,3.6666682725709845,28613.283352984814,5.265366090052985
2001-04-01,25.836055733530674,1.0704721753794268,0.40847285641806197,5.663870480273636,1.4247141600703603,4.239156320203275,3.8375336021505375,0.40162271805273825,0.35173311820759273,1.2524890911599589,0.3805628616517622,0.8719262295081966,2.3509509124779693,0.5618343195266272,0.08630790190735689,1.7028086910439848,2.18121103932095,0.1900238095238095,1.9911872297971402,7.766150665232289,0.8452113028257063,6.920939362406583,0.7049133969600566,4.085791998100738,0.4009969537524231,3.684795044348315,28786.5486035803,5.380385103329435
2001-07-01,25.855437585580518,1.0618043844856662,0.40519194994080837,5.636303408881676,1.4247141600703606,4.211589248811316,3.810777889784946,0.4008113590263691,0.3447309445178988,1.2430259419115046,0.37816938453445553,0.8648565573770491,2.364635458497578,0.5680473372781064,0.08916893732970022,1.7074191838897717,2.1930091215734717,0.19385714285714284,1.9991519787163288,7.737864011457411,0.8402100525131283,6.897653958944283,0.7079003181336162,4.16097204618089,0.4018831348656881,3.7590889113152017,28902.0994494194,5.163743382612496
2001-10-01,25.17168506344648,1.0589151208544125,0.39206832403179437,5.370904112857024,1.3006840613700772,4.070220051486946,3.6750882056451615,0.39513184584178496,0.34005495462394925,1.2100341386328162,0.3781693845344554,0.8318647540983606,2.3253932153278076,0.5662721893491125,0.09012261580381466,1.6689984101748803,2.2041764058466753,0.19440476190476189,2.0097716439419133,7.366510542591658,0.8052013003250812,6.561309242266577,0.695952633439378,4.207675615240964,0.3978953198559955,3.8097802953849684,28280.982583068868,5.559519225446093
2002-01-01,25.77891117895072,1.2191888425777495,0.42536945812807875,5.545649790200802,1.451575508483508,4.094074281717294,3.6985412867934357,0.3955329949238578,0.4499380439396576,1.192617366822803,0.399157894736842,0.793459472085961,2.3969915676699904,0.5165127020785221,0.12718962585034002,1.7532892397411282,2.20057907491394,0.168602520045819,2.031976554868121,7.465381298912463,0.8855547093170856,6.579826589595378,0.6712025316455698,4.211993204139666,0.41055585732391825,3.801437346815747,27989.228523529175,5.520811148631033
2002-04-01,26.07889929007877,1.2499519076627128,0.4127257799671593,5.590053474333512,1.4702813784381925,4.11977209589532,3.721802552748111,0.39796954314720806,0.4333094619984766,1.197125659277837,0.399157894736842,0.7979677645409949,2.4910677734078575,0.52540415704388,0.1285076530612244,1.8371559633027523,2.218478494641704,0.17048109965635735,2.0479973949853467,7.586709766130017,0.8937039857831937,6.693005780346823,0.6721518987341774,4.227325073925321,0.41146116241173275,3.8158639115135884,28468.65449693314,4.712514919770983
2002-07-01,26.234483765438636,1.2807149727476757,0.4064039408866995,5.630580280807109,1.488987248392876,4.1415930324142325,3.7411869410436744,0.4004060913705583,0.43915670592599204,1.2041602675223446,0.40168421052631564,0.8024760569960288,2.555566377725214,0.5262124711316398,0.13048469387755088,1.8988692127160232,2.2282197649145856,0.16954180985108822,2.0586779550634975,7.583849169487869,0.8882711348057883,6.69557803468208,0.6768987341772151,4.2289335512439274,0.41553503530689845,3.8133985159370294,29172.68167098523,3.977230874778744
2002-10-01,26.343195052336736,1.3066207117665922,0.4036945812807882,5.633648602824491,1.5076931183475606,4.125955484476931,3.7198641139185553,0.4060913705583756,0.42759578813587346,1.2236054783068389,0.4008421052631577,0.8227633730436811,2.583228750005569,0.5310623556581987,0.1311437074829931,1.921022686864377,2.2382564939800065,0.17423825887743413,2.0640182351025724,7.623298011437428,0.9045696877380044,6.718728323699423,0.679746835443038,4.223499799156111,0.42911461162411735,3.7943851875319936,28803.19743534022,4.041613607186368
2003-01-01,26.97779542954794,1.282970474202207,0.41886792452830185,5.832948906512345,1.6144188937228094,4.218530012789536,3.799585706887624,0.41894430590191184,0.3231102301655004,1.1718698322328691,0.3939865215137377,0.7778833107191314,2.822892205051117,0.4280074487895718,0.13564417177914093,2.259240584482404,2.2268421348876775,0.17154150197628457,2.055300632911393,7.970833918294175,0.9679179179179177,7.002916000376256,0.6662132690541781,4.261246534619566,0.5021074815595364,3.75913905306003,29011.632253455693,4.19791027233715
2003-04-01,26.98642455766938,1.3095039268316933,0.4235849056603774,5.814883696561843,1.5827636212968723,4.232120075264971,3.811496633868463,0.42062344139650865,0.3201868064297735,1.1824281849623646,0.3981337480559876,0.7842944369063769,2.8224242524225804,0.4305896958410926,0.13631901840490782,2.25551553817658,2.240506287420157,0.17338603425559942,2.0671202531645574,7.9631388549211435,0.9708333333333331,6.992305521587809,0.6699093204775023,4.239858321981945,0.4968387776606955,3.7430195443212493,29112.689382228695,4.390876905799993
2003-07-01,27.10900665935074,1.320429466149717,0.42452830188679247,5.851462745221845,1.5807851667702508,4.270677578451593,3.849214569307786,0.421463009143807,0.29728118373029994,1.1989195124335905,0.40393986521513736,0.794979647218453,2.851288717612101,0.4357541899441342,0.13766871165644148,2.2778658160115253,2.252145206884476,0.17845849802371538,2.0736867088607602,8.01858107284219,0.9679179179179177,7.0506631549242735,0.6708333333333333,4.223537119256391,0.5005268703898842,3.723010248866506,29774.44280170063,4.259364439012381
2003-10-01,27.30113527772295,1.321990257480863,0.4349056603773585,5.883191717319821,1.5906774394033565,4.292514277916465,3.8710512687726575,0.421463009143807,0.2927551130077593,1.1946454283087597,0.40393986521513736,0.7907055630936227,2.8485488589278893,0.43962756052141533,0.14036809815950899,2.268553200246965,2.2845163522956597,0.17799736495388666,2.1065189873417727,8.136873113824956,0.9854104104104103,7.151462703414546,0.6763774104683195,4.227331365711566,0.499473129610116,3.7278582361014507,29501.316816575167,4.063575108424829
2004-01-01,27.690236319372485,1.268696883852691,0.41361667569030863,5.915022369577422,1.4859170841929472,4.429105285384473,3.967230794756927,0.46187449062754693,0.24655757877007797,1.1683640581158972,0.39857940131912734,0.7697846567967698,3.1392535176062317,0.4684188034188035,0.14994040524433838,2.5208943089430895,2.306838438376523,0.18896713615023475,2.117871302226288,8.293943554478112,1.0162033650329187,7.277740189445193,0.7583446866485014,4.17959855625672,0.5019857029388404,3.67761285331788,29510.394069679965,3.8119013543053177
2004-04-01,27.933331671730173,1.3062322946175637,0.4154033567948024,6.029625265101752,1.553708615777582,4.47591664932417,4.009478181516509,0.466438467807661,0.24948604874823752,1.1699875994654656,0.400202942668696,0.7697846567967698,3.1188320864560723,0.4691086691086692,0.1514104092173221,2.4983130081300815,2.3232268629102513,0.19093043107127616,2.132296431838975,8.360075003984303,1.0102779809802487,7.3497970230040535,0.7593835149863762,4.201079638665345,0.49933809902038656,3.701741539644958,30127.59361013945,3.4582101027563947
2004-07-01,28.23552761011133,1.334759206798867,0.4100433134813211,6.090553840955835,1.568366244228314,4.5221875967275205,4.055749128919861,0.466438467807661,0.26675478770920963,1.1720737367467577,0.400202942668696,0.7718707940780618,3.154051532842995,0.4711782661782662,0.15582042113627317,2.5270528455284555,2.353549593326406,0.19240290226205722,2.161146691064349,8.472751252568626,1.0162033650329187,7.456547887535706,0.7625000000000002,4.218490345681309,0.5019857029388404,3.716504642742469,30627.422540746946,3.4299514551986428
2004-10-01,28.551434882121395,1.3828045325779037,0.4100433134813211,6.208209541494402,1.6050103153551436,4.603199226139259,4.132196781151484,0.47100244498777516,0.27053491810580826,1.1903863763466629,0.4018264840182648,0.7885598923283981,3.1857029934318515,0.47393772893772895,0.15802542709574877,2.553739837398374,2.3830517720534856,0.19436619718309858,2.188685574870387,8.53650785087457,1.0132406730065837,7.523267177867987,0.7687329700272482,4.215460613728136,0.49774953666931426,3.7177110770588215,30116.214531443984,3.460716385887489
2005-01-01,28.4441519634929,1.4025193315041162,0.3980058543724844,5.963857117885592,1.4592112371690984,4.5046458807164935,4.00810366269507,0.496542218021424,0.29419349616183177,1.2066755139871923,0.42125884732052593,0.7854166666666664,3.4063147208287696,0.49050179211469525,0.1493181818181818,2.7664947468958925,2.390205504029806,0.19060773480662976,2.199597769223176,8.415842603217738,1.0239869753979736,7.391855627819763,0.7911404958677685,4.1753973256376,0.4992008524240809,3.6761964732135186,30514.009310949707,3.096284726243429
2005-04-01,28.738216272121207,1.461386879521078,0.39539882912550306,6.036252535982224,1.520011705384477,4.516240830597746,4.0158863882537,0.5003544423440452,0.2948158544318377,1.2128370407819347,0.4170037074486015,0.7958333333333333,3.454601133496594,0.49121266427718036,0.15136363636363634,2.8120248328557778,2.389370741142476,0.19107837118886836,2.1982923699536077,8.490852950197047,1.0359985528219968,7.45485439737505,0.8017741046831954,4.200926202759316,0.4992008524240809,3.7017253503352348,30640.96866461456,2.8209586170314735
2005-07-01,29.035115364260196,1.502594163132951,0.39539882912550306,6.127415167545995,1.557806591031875,4.56960857651412,4.062582741605488,0.5070258349086325,0.3025850105631111,1.2295921806538592,0.42125884732052593,0.8083333333333332,3.499372006723425,0.498321385902031,0.15000000000000002,2.8510506208213937,2.3999204451761718,0.19249028033558413,2.207430164840588,8.547110710431527,1.0450072358900142,7.502103474541514,0.8102809917355369,4.220845859172116,0.4997336174746936,3.7211122416974227,31702.43996588685,2.69794118229405
2005-10-01,29.119395858612496,1.5334996258418563,0.39539882912550306,6.137538158583491,1.5446605438501713,4.59287761473332,4.0820395555020665,0.5108380592312538,0.30840563884321937,1.2392462925513987,0.42466295921806557,0.8145833333333332,3.570877372953119,0.5032974910394264,0.1493181818181818,2.9182617000955102,2.3999204451761718,0.19249028033558413,2.207430164840588,8.56023545408887,1.0450072358900142,7.515228218198857,0.8124077134986223,4.161866327950242,0.5029302077783696,3.6589361201718726,31108.96429298425,2.7769556411934126
2006-01-01,29.405683703956086,1.6945471138489623,0.3962983124659771,6.154799780287976,1.5740548523206748,4.580744927967302,4.041974133142902,0.5387707948243994,0.3122859828811964,1.2382386831275718,0.4049053497942386,0.8333333333333334,3.630448243077389,0.5837070254110613,0.158920704845815,2.8878205128205128,2.376733064779532,0.20558882235528944,2.171144242424243,8.554021027766629,1.0361289555079707,7.517892072258657,0.8421321417172037,4.206179354003649,0.5040750436300173,3.702104310373631,31151.06734603523,2.810515843641037
2006-04-01,29.634034852288835,1.7250361244201085,0.3989112683723462,6.21163755085434,1.6249367088607594,4.58670084199358,4.043894310878361,0.5428065311152188,0.30048138105347805,1.2486329280934878,0.4089382716049383,0.8396946564885496,3.654316312868532,0.5926871334943083,0.161068281938326,2.900560897435897,2.4002458646343676,0.2085828343313374,2.191663030303031,8.595495656200338,1.0540447299547946,7.541450926245543,0.8453878072135333,4.253889958578299,0.5099301919720767,3.7439597666062228,31366.594894078775,2.705097091227404
2006-07-01,29.823541416320964,1.7779907217278887,0.4015242242787153,6.232581214431911,1.661046413502109,4.571534800929803,4.024692533523764,0.5468422674060384,0.3036941669994782,1.2451986303521503,0.40974485596707816,0.8354537743850722,3.6490602415119597,0.5951362538806485,0.16822687224669608,2.8856971153846156,2.425041088731628,0.21157684630738527,2.2134642424242426,8.650874094157148,1.0361289555079707,7.614745138649177,0.8540695818704117,4.283507452259674,0.5083333333333333,3.7751741189263406,31960.012671151257,2.5927296338295345
2006-10-01,29.855511707020103,1.8373640581032784,0.4032661948829614,6.20800681990868,1.6265780590717298,4.581428760836951,4.028532888994683,0.5528958718422675,0.30020513573251384,1.2417643326108125,0.41055144032921803,0.8312128922815946,3.558888122341037,0.5935035069564218,0.1625,2.8028846153846154,2.4441327091272,0.2075848303393214,2.236547878787879,8.707686313283958,1.0510587675469905,7.656627545736967,0.8594956910309607,4.294702329998699,0.5120593368237347,3.7826429931749637,32072.043341230732,2.2140010749447896
2007-01-01,30.301743382595152,1.8533134455572131,0.40262008733624444,6.326437643610781,1.6107763713080174,4.715661272302763,4.197014925373136,0.5186463469296281,0.33551739950521303,1.217872479680498,0.4325459317585303,0.7853265479219679,3.641344438516436,0.7503671071953012,0.13750000000000012,2.7534773313211347,2.420488326655785,0.20434782608695654,2.2161405005688284,8.810765104748173,1.0129411764705885,7.797823928277584,0.9652255639097743,4.328158893075037,0.5566404199475066,3.7715184731275304,31755.148715786356,2.4871274659432214
2007-04-01,30.37246078232703,1.8822714681440447,0.40262008733624444,6.3345795341162665,1.6042616033755275,4.730317930740739,4.206965174129355,0.5233527566113851,0.3347071117436056,1.211048019641629,0.4317011154855644,0.7793469041560647,3.6565445522774227,0.7544787077826727,0.1381030701754387,2.7639627743193116,2.431946917610592,0.20821256038647348,2.2237343572241186,8.864763854844254,1.027128027681661,7.837635827162593,0.9664473684210527,4.287531868191912,0.5485564304461942,3.738975437745717,31719.5687352766,2.5165736657644175
2007-07-01,30.39151844571292,1.9015768165352653,0.3999999999999999,6.314464064846747,1.6042616033755275,4.71020246147122,4.183084577114429,0.5271178843567909,0.32948060912763427,1.212803582042703,0.42747703412073496,0.7853265479219679,3.6862047577258727,0.7616740088105728,0.13750000000000015,2.7870307489152992,2.437193121300556,0.2096618357487923,2.227531285551764,8.801614547577888,1.0356401384083045,7.7659744091695835,0.9798872180451127,4.328293728511145,0.5445144356955381,3.783779292815607,32126.319025787583,2.6004402660689077
2007-10-01,30.41074327751338,1.911229490730876,0.39737991266375533,6.353871991257056,1.6140337552742618,4.739838235982795,4.208955223880598,0.5308830121021963,0.3169615462902135,1.2091207349081368,0.42578740157480316,0.7833333333333335,3.703968078363848,0.7647577092511013,0.13750000000000012,2.801710369112747,2.43436237654779,0.2106280193236715,2.2237343572241186,8.768482322920716,1.0157785467128029,7.752703776207913,0.9872180451127819,4.328148778718211,0.5502887139107612,3.77786006480745,31531.359158797568,3.1629290044268514
2008-01-01,30.338569124019827,2.0962249614791992,0.4069467787114846,6.249413003478715,1.563453928773318,4.685959074705395,4.1786609380594335,0.5072981366459627,0.27281826800612313,1.2013431739520366,0.45394014962593515,0.7474030243261014,3.3714647394974313,0.7809571286141576,0.1349757372153788,2.4555318736678946,2.4770101396393867,0.24277085692714231,2.234239282712245,8.785275685194556,1.0744244604316546,7.710851224762901,1.0965041398344069,4.381568234226488,0.5421692984726896,3.8393989357537976,31623.942238722928,3.380667221240641
2008-04-01,30.149424356215473,2.0483821263482285,0.4078431372549019,6.140937224948124,1.461065573770492,4.679871651177632,4.170784103114929,0.5090875480627033,0.28489077886245756,1.201154165867383,0.45756442227763916,0.7435897435897437,3.3676359320029294,0.7882851445663012,0.13318402388951098,2.4461667635471174,2.4886202107807036,0.245554926387316,2.243065284393387,8.693960777616342,1.059376498800959,7.634584278815384,1.0991720331186754,4.41682796941573,0.5478643541289153,3.8689636152868148,31391.195326249974,3.8282803495706044
2008-07-01,29.767409491675227,1.9952234206471502,0.3997759103641456,6.023007763915754,1.383055398530243,4.639952365385512,4.13533834586466,0.5046140195208518,0.26536115329705684,1.1726490643870273,0.45575228595178724,0.7168967784352401,3.330993426114422,0.7903788634097707,0.13378126166480023,2.406833301039851,2.5047168975620675,0.2477821819554549,2.256934715606613,8.53350921287756,1.0383093525179856,7.495199860359573,1.0818307267709293,4.460341915739117,0.5558374320476314,3.9045044836914857,31433.424491666836,4.70479920597053
2008-10-01,29.248396989953637,1.9119414483821267,0.3872268907563025,5.861736218224988,1.3440503109101185,4.5176859073148705,4.021124239169351,0.496561668145519,0.2602631331676958,1.1423318265808196,0.4521280133000832,0.6902038132807364,3.2863511310601083,0.7893320039880359,0.1313923105636431,2.3656268165084295,2.5149509862251818,0.24666855417138545,2.2682824320537964,8.301291096290361,1.0112230215827338,7.2900680747076265,1.0751609935602577,4.507143265705795,0.5541289153507636,3.9530143503550312,29849.025047668052,7.519711237650842
2009-01-01,27.959510140358546,1.7173520827805786,0.38527084601339007,5.68634764798674,1.3253065253532836,4.3610411226334564,3.8731460580219044,0.4878950646115523,0.27880061616681123,1.2159507180428426,0.5598768599281683,0.6560738581146742,2.768816722446534,0.75928943199819,0.13518518518518527,1.8743421052631588,2.503207002156618,0.24863964992389653,2.2545673522327214,7.882628941521297,0.9886895475819032,6.893939393939394,1.0728846153846154,4.448250947859117,0.5317738303727796,3.9164771174863375,28830.130543987518,9.878074995421589
2009-04-01,27.599073907447565,1.6208145396656939,0.3761412051125988,5.602419580344442,1.3155496674979223,4.2868699128465195,3.806136610651284,0.48073330219523597,0.27113799256099186,1.2091780140920985,0.5531041559774242,0.6560738581146742,2.7034108428648764,0.7451912197329715,0.12839506172839507,1.8298245614035096,2.4997066218506308,0.246394596651446,2.2533120251991843,7.809337525016152,0.973478939157566,6.835858585858586,1.041923076923077,4.465004509017008,0.5415311483612709,3.9234733606557373,28644.7595427881,10.301567644450456
2009-07-01,27.376710410344504,1.5462943309454322,0.3724893487522823,5.570194715240344,1.2992882377389863,4.2709064775013585,3.7946492768163202,0.47625720068503824,0.267275804010122,1.1966837357973312,0.5463314520266803,0.6503522837706509,2.669128937509347,0.7321000226295545,0.1271604938271605,1.809868421052632,2.502350076315017,0.24527207001522075,2.2570780062997957,7.788618635654516,0.9704368174726987,6.8181818181818175,1.0432692307692308,4.420405595350885,0.5426152948044366,3.8777903005464474,29156.657744379558,9.670865620662546
2009-10-01,27.21345533349836,1.5005660210489078,0.36701156421180764,5.541038056428476,1.2765222360764756,4.264515820351999,3.7927347211771596,0.4717810991748405,0.2661189205954082,1.195982982726184,0.5418163160595176,0.6541666666666665,2.6899136702357853,0.7310930074677531,0.12592592592592594,1.8328947368421062,2.5049935307794025,0.24414954337899544,2.260843987400407,7.75980711955751,0.9643525741029638,6.795454545454544,1.0446153846153845,4.3434080832994955,0.5491201734634309,3.794287909836065,28817.559996081953,9.26931165811042
2010-01-01,27.56357390779945,1.5937716262975776,0.3048107761385503,5.54773662699576,1.2651786649900456,4.282557962005714,3.781609195402299,0.5009487666034156,0.23473493976407434,1.1669733527985733,0.5145889067237381,0.6523844460748349,2.6953190787054844,0.7222528418877027,0.1318500206015657,1.8412162162162165,2.563469070961125,0.22761020881670538,2.33585886214442,7.966906174460751,0.9079774375503621,7.0589287369103895,1.0732666881651078,4.416585573512447,0.5477785754167663,3.8688069980956805,30458.659903487696,8.916354755477082
2010-04-01,27.57311933204508,1.5720876585928487,0.2986529826812058,5.56477999151281,1.2764749030703137,4.288305088442496,3.7873563218390807,0.5009487666034156,0.24854137483042238,1.1566306842366756,0.5080613518815765,0.6485693323550991,2.7159414737716374,0.7222528418877027,0.13250927070457344,1.861179361179361,2.571104233196423,0.22238979118329472,2.3487144420131285,7.949766830741777,0.893473005640612,7.056293825101164,1.0788132860367619,4.4168008164445185,0.5707585546781527,3.846042261766366,31290.98882426537,8.762666569676124
2010-07-01,27.65486063654116,1.54317570165321,0.2955740859525336,5.586621715863225,1.2877711411505819,4.2988505747126435,3.7988505747126435,0.5000000000000001,0.24500865684229392,1.1555427584296487,0.5069734260745496,0.6485693323550991,2.7501132108799915,0.7272476748191529,0.13250927070457352,1.8903562653562653,2.5741973909335063,0.22291183294663577,2.3512855579868703,7.996929268735076,0.8905721192586619,7.1063571494764135,1.0746533376330214,4.433044509618653,0.5595357741086384,3.8735087355100135,32004.16801205144,8.633819791550227
2010-10-01,27.8419520178666,1.5648596693579389,0.30019243104554194,5.595416499706505,1.3022948758252129,4.293121623881292,3.7950191570881224,0.498102466793169,0.23838169522987615,1.1541865378684357,0.5037096486534688,0.6504768892149669,2.7702269999745397,0.7302445745780229,0.13580552121961267,1.9041769041769043,2.5796592830271057,0.22708816705336432,2.3525711159737415,8.124734908441447,0.9050765511684121,7.219658357273036,1.0732666881651078,4.4410273050501035,0.5552604291297758,3.885766875920328,31493.332339075238,8.753190556055893
2011-01-01,27.640037734731973,1.3359375,0.29736511919698866,5.535532504368302,1.2928000000000004,4.242732504368301,3.744167911066866,0.4985645933014353,0.24745358753741198,1.20957039210891,0.5111111111111112,0.6984592809977991,2.8257722267262575,0.6997258396161756,0.1771583430120016,1.94888804409808,2.4853713416042593,0.19942429476108228,2.285947046843177,8.286762516917323,0.9264659270998415,7.360296589817483,1.0073609771777565,4.40891156909476,0.5911015600127346,3.817810009082025,31945.12838792296,8.66626601441107
2011-04-01,27.645227187432372,1.3484375000000002,0.2996235884567126,5.537721276266372,1.2912000000000006,4.246521276266371,3.7460428073668495,0.5004784688995215,0.2122799675047188,1.204182766772642,0.5077777777777778,0.6964049889948644,2.8530207328528774,0.6949851496458764,0.17886178861788618,1.9791737945891146,2.491484557381162,0.19804260218767986,2.2934419551934826,8.288378639984105,0.9147385103011093,7.373640129682996,1.0021750776813458,4.407923080532434,0.5911015600127347,3.8168215205196994,32124.116477510714,8.842503667732807
2011-07-01,27.825009262661734,1.3656250000000003,0.2996235884567126,5.57196982446614,1.2992000000000006,4.272769824466139,3.772291355566617,0.5004784688995215,0.22170147310479027,1.209234531670335,0.5066666666666667,0.7025678650036684,2.872879614836267,0.6864519076993377,0.189082462253194,1.9973452448837354,2.5111429566391945,0.19896373056994818,2.3121792260692464,8.345210946099003,0.9235340729001584,7.421676873198845,1.0112504018000643,4.416370925589223,0.5927968799745303,3.8235740456146927,32386.652752227663,8.668654649976306
2011-10-01,27.971308490263805,1.3515625000000002,0.30188205771643656,5.618650206764934,1.3168000000000004,4.301850206764933,3.8004148000663687,0.5014354066985646,0.21856497185307924,1.209234531670335,0.5066666666666667,0.7025678650036684,2.9171709444974265,0.6855037697052778,0.18737901664730938,2.0442881581448393,2.515420575541087,0.2044905008635578,2.310930074677529,8.412981230332898,0.9352614896988906,7.477719740634004,1.0112504018000643,4.414591070087545,0.5922317733205985,3.822359296766946,31026.729871370506,8.572524434154994
2012-01-01,27.764687717957077,1.2901671861717203,0.3007499999999999,5.514025977359857,1.3042966450853446,4.209729332274512,3.7025988700564967,0.5071304622180155,0.23301397511641916,1.2869709544446066,0.5910171972191729,0.6959537572254337,2.7715086608497033,0.6446721311475406,0.09763440860215035,2.029202121100012,2.4809925420650636,0.18995916852264294,2.2910333735424206,8.508534654824317,0.9565634218289087,7.551971232995409,0.9568527918781727,4.421870975247217,0.5424423229912488,3.8794286522559687,31310.606476851335,8.244235530010647
2012-04-01,28.156243834502078,1.2946160385378296,0.2985,5.559740871132533,1.3247008043947424,4.235040066737789,3.7279096045197737,0.5071304622180155,0.231253444171697,1.2856720155496193,0.5897182583241857,0.6959537572254337,2.821979058594758,0.6464480874316937,0.09892473118279548,2.076606239980269,2.5076296743063935,0.19166666666666668,2.3159630076397266,8.64206091326575,0.9916666666666668,7.650394246599084,0.9678934010152286,4.546898417928272,0.5408910103420843,4.006007407586188,31127.313752066675,7.830468082797263
2012-07-01,28.371202685175106,1.3109284972135642,0.29924999999999996,5.588824544867692,1.3482440651363552,4.240580479731338,3.7315254237288134,0.5090550560025241,0.23145747461597557,1.2910171972191733,0.5910171972191729,0.7000000000000002,2.8301621268558037,0.6544398907103822,0.10064516129032237,2.0750770748550997,2.529315021631415,0.19465478841870829,2.334660233212706,8.727448708580082,0.9945919370698135,7.732856771510268,0.9678934010152286,4.594905713176172,0.5419252187748608,4.052980494401312,31836.55965770103,6.867420894194214
2012-10-01,28.530670242477914,1.3405875129876268,0.3022499999999999,5.6335544285424675,1.357661369433,4.2758930591094675,3.7658757062146893,0.5100173528947785,0.23760843942924173,1.3009833780659845,0.5949140139041345,0.7060693641618498,2.846716337599832,0.6535519125683057,0.10279569892473096,2.0903687261067954,2.5516492666095325,0.19081291759465482,2.360836349014878,8.777186497338334,1.0150688298918389,7.762117667446496,0.9715736040609139,4.568560777843983,0.5414081145584725,4.02715266328551,31325.646746069495,6.262504861204779
2013-01-01,28.76583644431098,1.3304951204225983,0.3556920556920557,5.703624694219219,1.3462110514920462,4.357413642727173,3.7702171747360027,0.5871964679911699,0.2103841204909184,1.3970060659913102,0.5983704508419335,0.7986356151493768,2.7780364525993964,0.6326868549393215,0.09898580121703841,2.046363796443037,2.607721627960704,0.16760194537972314,2.4401196825809808,8.939986394406528,1.0576476057647604,7.882338788641768,0.9753055468505171,4.4675843656777365,0.5309394982784063,3.9366448673993304,31655.798845592886,5.981734611318572
2013-04-01,29.020110964079038,1.3449100188020413,0.3556920556920557,5.727710140774863,1.3616492516238357,4.3660608891510275,3.781071926678621,0.5849889624724062,0.20399780732547904,1.4097187855341826,0.5996740901683865,0.8100446953657962,2.7994735086381506,0.6326868549393215,0.09979716024340758,2.0669894934554214,2.611393721750312,0.16872427983539093,2.4426694419149215,9.052696656328834,1.0818224081822407,7.970874248146593,0.9704167972422438,4.544101471990877,0.5283571077225774,4.0157443642683,32014.527038388303,5.680241429083843
2013-07-01,29.19070941414003,1.3449100188020413,0.360094185094185,5.745529763910407,1.3755436317424463,4.36998613216796,3.7883084279737,0.5816777041942605,0.22221512157259257,1.4110224248606358,0.6009777294948395,0.8100446953657962,2.840519289295807,0.633548826131337,0.1002028397565921,2.106767623407878,2.6218978495086787,0.16647961092405536,2.455418238584623,9.113754041538224,1.0999535099953508,8.013800531542872,0.9777499216546537,4.553016797902804,0.5221593703885883,4.030857427514214,32606.145987804248,5.383524247014474
2013-10-01,29.350518150948847,1.3492344883158742,0.36185503685503684,5.754659609105076,1.3832627318083406,4.3713968772967355,3.791926678621239,0.5794701986754965,0.2300696172776768,1.4155860569472036,0.6009777294948395,0.814608327452364,2.879635514202319,0.633548826131337,0.10101419878296132,2.145072489288021,2.624905244476526,0.16311260755705198,2.461792636919474,9.190541057424227,1.0908879590887957,8.09965309833543,0.9777499216546537,4.566281604690254,0.5185440236104278,4.047737581079827,32023.368109809788,5.650309984284996
2014-01-01,29.37186131154912,1.2818543504583984,0.37825912555154434,5.844796521189939,1.4419712070874864,4.402825314102452,3.804525030816334,0.598300283286119,0.19976668560072683,1.3870456214259752,0.590374331550802,0.7966712898751734,2.8020612853252076,0.6407924613987281,0.09960159362549777,2.0616672303009813,2.5982434551288587,0.12647754137115838,2.4717659137577,9.260560691080116,1.1898891966759007,8.070671494404214,1.0043832185347528,4.614890357253599,0.510631173614599,4.104259183639,32356.39880059381,5.313094892381949
2014-04-01,29.483079580277018,1.2913596263622213,0.3801042920176494,5.876577661418483,1.4451827242524917,4.431394937165991,3.8319615094039516,0.5994334277620396,0.2026686475268169,1.397901013891876,0.5967914438502672,0.8011095700416089,2.825337236384551,0.643415077202543,0.0992031872509958,2.082718971931012,2.6115753078868553,0.12440898345153661,2.487166324435319,9.287222968894467,1.1898891966759007,8.097333772218564,0.9931120851596745,4.6172207407344255,0.5106311736145991,4.106589567119826,33077.85459136562,4.941473259535275
2014-07-01,29.594110040805287,1.318517557516001,0.3893301243481749,5.884590009805101,1.445182724252492,4.439407285552609,3.84110700226649,0.598300283286119,0.20150383767071778,1.404318126191341,0.6032085561497323,0.8011095700416089,2.821102940820238,0.6407924613987281,0.10039840637450174,2.0799120730470078,2.6293482798627186,0.12293144208037825,2.5064168377823406,9.28538785722492,1.1800554016620504,8.105332455562872,0.9981214777708205,4.661889829595254,0.5075673865729114,4.154322443022343,33684.446892509055,4.619009437271856
2014-10-01,29.677555654606707,1.3375281093236466,0.38656237464901727,5.923212395541636,1.4612403100775193,4.461972085464118,3.855739790846554,0.6062322946175637,0.1960608292017385,1.4081683935710203,0.6070588235294115,0.8011095700416089,2.8219771460881766,0.6416666666666665,0.10039840637450176,2.079912073047008,2.6548129620730005,0.12529550827423167,2.529517453798769,9.312661838929118,1.183333333333334,8.129328505595787,1.0056355666875392,4.630936038541815,0.5034823371839946,4.12745370135782,33097.23619187978,4.469675381848515
2015-01-01,29.781995346127264,1.4256159593069466,0.4007088009450679,5.9347806916004435,1.4769258459323253,4.457854845668117,3.9328548456681176,0.5249999999999998,0.19959629160279355,1.3861303188953873,0.5889061689994817,0.7972241498959055,2.924772082280983,0.6407960199004973,0.156470588235294,2.1275054741451913,2.658317934708039,0.1644873981428842,2.4938305365651545,9.277374020299426,1.2158031700969962,8.061570850202429,0.997205836696678,4.577493409791502,0.5005040322580645,4.076989377533438,33216.51127835783,4.483051721467757
2015-04-01,29.918954727751508,1.4774042282625979,0.39976373301831075,5.950936760944558,1.4865370770338375,4.46439968391072,3.9384202062987796,0.5259794776119401,0.1949966822179644,1.3986937027847361,0.5925868325557285,0.8061068702290076,2.9268845591125117,0.6416666666666665,0.1577124183006535,2.1275054741451913,2.67196789237345,0.16562440780746637,2.506343484565983,9.311689809773108,1.2158031700969962,8.095886639676115,0.9996895374107418,4.586927821853526,0.5,4.086927821853527,33663.29321880337,4.1908854409421314
2015-07-01,30.094020588478276,1.524876808138611,0.39976373301831075,5.950567615066215,1.4833333333333334,4.467234281732881,3.940275326509001,0.5269589552238804,0.19610708148422237,1.3920316625349098,0.5925868325557285,0.7994448299791811,2.9247019374094267,0.6425373134328356,0.15895424836601293,2.1232103756105776,2.687248148060471,0.1671404206935759,2.5201077273668946,9.406521404236694,1.2261651289330502,8.180356275303645,0.9984476870537099,4.613754511475708,0.4994959677419355,4.114258543733773,34195.70719686875,3.889368520432653
2015-10-01,30.264355726622767,1.602559211572088,0.4016538688718252,5.961859812178563,1.4865370770338373,4.475322735144725,3.9532611679805463,0.522061567164179,0.20929994469501967,1.3875903023683585,0.5925868325557285,0.79500346981263,2.921838538386351,0.6425373134328356,0.15895424836601293,2.1203469765875025,2.7109084641265446,0.16827743035815804,2.5426310337683864,9.479814770862847,1.2123491838183116,8.267465587044535,1.003415088481838,4.585415725079334,0.49848790322580644,4.086927821853528,33540.93049663952,3.685864007931816
2016-01-01,30.40687520332048,1.7359824368825467,0.424251321197886,6.00627792988492,1.486006825938567,4.520271103946353,3.9653342766183233,0.5549368273280298,0.19497210064086082,1.1864418395704048,0.3993798449612404,0.7870619946091644,2.9016679730618518,0.602445652173913,0.09809160305343506,2.201130717834504,2.8773663922435424,0.2007017543859649,2.6766646378575776,9.493786067511992,1.174362508614748,8.319423558897247,0.9938949938949939,4.592234148431483,0.4968600854056769,4.0953740630258055,34097.96611962159,3.4027720916892252
2016-04-01,30.52011863423075,1.7405268935236002,0.4252495596007046,5.996016546871904,1.5083048919226396,4.487711654949265,3.9317297488503713,0.5559819060988924,0.19825138287586483,1.1942403031126156,0.39855297157622743,0.7956873315363883,2.8958444877178615,0.6,0.09923664122137399,2.1966078464964878,2.901788413008582,0.19883040935672514,2.702958003651856,9.580921829902117,1.1875947622329424,8.393327067669174,0.9987789987789988,4.588500218838502,0.4983672444109519,4.09013297442755,34620.27289056241,3.387534364472833
2016-07-01,30.741851656009516,1.7344676180021956,0.42624779800352314,6.050225260061855,1.5274175199089877,4.522807740152867,3.961600440199662,0.5612072999532053,0.2056648412251565,1.2096589286584898,0.4010335917312662,0.8086253369272237,2.9064169479511457,0.6,0.10076335877862592,2.2056535891725204,2.9095639484184184,0.20397660818713448,2.705587340231284,9.67270296045075,1.2107512060647825,8.461951754385968,1.0024420024420024,4.624461350795979,0.501381562421502,4.1230797883744765,35252.54127189158,3.074787171046763
2016-10-01,30.780069796310755,1.6920526893523602,0.4252495596007046,6.079220877515792,1.543344709897611,4.535876167618182,3.974668867664976,0.5612072999532053,0.20111167525811777,1.207502594426684,0.40103359173126624,0.8064690026954179,2.892673664321149,0.5975543478260869,0.10152671755725189,2.1935925989378107,2.910902250554363,0.19742690058479528,2.7134753499695683,9.749281078730599,1.2239834596829768,8.52529761904762,1.0036630036630036,4.61841240288798,0.5028887214267771,4.115523681461203,34628.07500637706,2.9842489430071804
2017-01-01,31.264740070499418,1.8493314891655137,0.49043478260869566,6.09257516046529,1.5456381534283772,4.546937007036912,4.046471023812308,0.5004659832246038,0.20409073231402008,1.1746052558280602,0.4026929052304506,0.7719123505976097,2.9789009725146323,0.6805404178019981,0.09906542056074737,2.199295134151887,2.872356588149677,0.20152671755725185,2.6708298705924256,9.9311610506934,1.2105124835742445,8.720648567119156,0.9946268656716417,4.676657173088488,0.5446413712764188,4.132015801812069,34823.83396264394,2.815282751354424
2017-04-01,31.378904481938363,1.8275549408329488,0.5008695652173915,6.104617908644386,1.5472250509164966,4.557392857727888,4.057858840952492,0.49953401677539605,0.20776960521413312,1.1688312175086983,0.40103573278094257,0.7677954847277557,2.995797287458777,0.6842643051771118,0.10018691588785017,2.211346066393815,2.879922734837622,0.20011743981209626,2.6798052950255253,10.027941827224504,1.2169513797634692,8.810990447461036,1.0017910447761194,4.663808350223782,0.5408553835912797,4.122952966632503,35414.45730779235,2.6197071341705307
2017-07-01,31.36620757878789,1.807453511602889,0.5008695652173915,6.133771420532603,1.5678547182620495,4.5659167022705525,4.065450719045948,0.5004659832246038,0.2051273160994056,1.1692324779941172,0.39937856033143443,0.7698539176626827,2.9978790486754807,0.6833333333333335,0.10018691588785017,2.214358799454297,2.9250154677420803,0.19776864357017024,2.7272468241719103,10.052418188340736,1.2201708278580814,8.832247360482654,1.0005970149253731,4.573843567657813,0.5408553835912797,4.032988184066533,35657.231461783485,2.166600870401173
2017-10-01,31.455163731661987,1.7890272014753341,0.5055072463768117,6.143603877496564,1.5757892057026472,4.567814671793918,4.0673486885693135,0.5004659832246038,0.18301234637244115,1.1840427690240247,0.3977213878819264,0.7863213811420984,2.989962344821137,0.6833333333333335,0.10130841121495297,2.205320600272851,2.9300557452196045,0.20152671755725185,2.728529027662353,10.107402028502362,1.2459264126149803,8.86147561588738,1.0029850746268656,4.619565097746843,0.5408553835912797,4.078709714155564,34887.58474773673,2.1896709695298964
2018-01-01,31.71200445764997,1.8894639556377075,0.5102880658436214,6.141387814204893,1.5556055680586816,4.585782246146212,4.084381685922122,0.5014005602240896,0.19645999166608105,1.2002084418968213,0.4002084418968212,0.8000000000000002,3.05157481734252,0.6988131570023738,0.09981447124304264,2.2529471890971036,2.9073541551380053,0.1996525767226404,2.707701578415364,10.148074459288608,1.2601032924467392,8.887971166841869,1.0160618679357525,4.65113088869596,0.4973990587069606,4.153731829988999,35017.61604319492,2.168972995812509
2018-04-01,31.717027667313328,1.896487985212569,0.503233392122281,6.150504862741524,1.5618404601150282,4.588664402626496,4.090064962850586,0.49859943977591054,0.199284335331519,1.197291340976203,0.3993746743095361,0.7979166666666666,3.0532664067684507,0.6997626314004748,0.10055658627087194,2.2529471890971036,2.908280617210964,0.20057903879559932,2.707701578415364,10.147007867957122,1.2536905530449747,8.893317314912148,1.0112234780884393,4.650447380904261,0.4998761456527125,4.150571235251548,35328.09438393046,2.4644248342141224
2018-07-01,31.684753993992114,1.8999999999999995,0.4926513815402705,6.1426184695522075,1.5633991831291156,4.5792192864230925,4.082487260279301,0.4967320261437909,0.19532066238187443,1.1902075733889177,0.3985409067222512,0.7916666666666666,3.0626961491870524,0.7026110545947778,0.09944341372912797,2.2606416808631455,2.897456940939979,0.1973364215402432,2.700120519399736,10.132582502156367,1.2312459651387986,8.901336537017569,1.0160618679357525,4.655158446909687,0.5008669804310132,4.154291466478674,35646.524961148985,2.7530056875679443
2018-10-01,31.732339330475966,1.9122920517560067,0.4938271604938273,6.069708330395727,1.5540468450445941,4.515661485351132,4.012393511494924,0.5032679738562092,0.20893501062052522,1.2093755428174395,0.40104220948410624,0.8083333333333332,3.0717441940778727,0.6978636826042727,0.10092764378478658,2.2729528676888133,2.9196522057344065,0.20057903879559932,2.7190731669388075,10.135795467563682,1.2184204863352694,8.917374981228411,1.018481062859409,4.69252830415707,0.5013623978201635,4.191165906336907,34757.28170361505,2.7161028622283943
2019-01-01,31.857641969559598,1.957568289176422,0.5102880658436214,6.010652010507928,1.5576643813731208,4.452987629134807,3.951587068910717,0.5014005602240896,0.19645999166608105,1.1668751085634879,0.4002084418968212,0.7666666666666667,3.05157481734252,0.6988131570023738,0.09981447124304264,2.2529471890971036,3.0115451200707475,0.1996525767226404,2.811892543348107,10.219632672504785,1.2951061616813708,8.924526510823414,1.0160618679357525,4.716984025948254,0.5968788704483527,4.1201051554999015,34168.91603736733,3.0523690884159813
2019-04-01,31.791375785904965,1.929759704251386,0.503233392122281,5.984257461208109,1.5618404601150282,4.422417001093081,3.9238175613171706,0.49859943977591054,0.199284335331519,1.0975517576428695,0.3993746743095361,0.6981770833333335,3.0874019702396196,0.6997626314004748,0.10055658627087283,2.287082752568272,2.9752466385156833,0.20057903879559932,2.7746675997200843,10.219089089883182,1.2913653970303411,8.927723692852839,1.0112234780884393,4.784327958621877,0.5998513747832549,4.184476583838622,34195.286217388675,2.6882659602581924
2019-07-01,31.519164885612536,2.0667282809611827,0.4926513815402705,5.909239092007703,1.5633991831291156,4.345839908878587,3.849107882734797,0.4967320261437909,0.19532066238187443,1.0912492400555847,0.3985409067222512,0.6927083333333335,3.1281327835104347,0.7026110545947778,0.09944341372912768,2.3260783151865296,2.963089257417875,0.1973364215402432,2.7657528358776324,10.068763702104896,1.2333629912874575,8.835400710817439,1.0836783660519531,4.520312119580759,0.6010403765172158,3.9192717430635433,34164.24154994677,2.6376317240178713
